outcome,spec,term,b,se,p,n
THE,full,INFRA,0.022318012731346183,0.10504244212323167,0.8337918086269129,804
THE,full,HCR,0.21959197262643876,0.17973440061928952,0.23533719643573653,804
THE,full,IX,0.034191684612927264,0.019345506374087145,0.09168727060499408,804
THE,full,GDP,0.8836481054133472,0.326929900781496,0.013324892053281297,804
THE,full,POP,2.4032932887426326,0.587315779377074,0.0005214704093112055,804
THE,full,URB,-0.3668863668385334,0.17206620303224815,0.04495588829994287,804
THE,full,ENERGY,0.17165550697965068,0.11173433966060559,0.13939998091049338,804
THE,full,TRADE,0.16926433403981525,0.11636817123656132,0.16057623645468558,804
THE,broad,INFRA,0.28880164767451333,0.06870932329278627,0.00033928627408446986,1077
THE,broad,HCR,-0.02119755027767209,0.10915488571104244,0.8477266515794157,1077
THE,broad,IX,0.006020303874425838,0.03353306362707261,0.8590911992490365,1077
THE,broad,GDP,0.8187938116465378,0.2736734910293461,0.006513515914668771,1077
THE,broad,POP,1.183239012782103,0.5667753853297773,0.04809699911201505,1077
THE,broad,URB,-0.5183855360362921,0.19797099500706758,0.01535983327785905,1077
THE,weighted,INFRA,0.030693129434277745,0.10384017134631711,0.7704533299232692,804
THE,weighted,HCR,0.18289735090279036,0.17873256990011283,0.31780945561677443,804
THE,weighted,IX,0.033034440546000784,0.022140815912975828,0.15056609677349359,804
THE,weighted,GDP,0.8491080979657032,0.3352931395330099,0.0193689865524597,804
THE,weighted,POP,2.447014279529563,0.5868715420341084,0.00043315280552106133,804
THE,weighted,URB,-0.32489804101951225,0.16763560119659396,0.0661697456040622,804
THE,weighted,ENERGY,0.13921255767560495,0.10795057775507967,0.21121392517946866,804
THE,weighted,TRADE,0.1569941000797961,0.09556391433811183,0.1153111630731527,804
THE,q25,INFRA,1.64357683472997,0.23221265696418653,1.4636040745736194e-12,1077
THE,q25,HCR,-0.8438153642381465,0.1717265274384924,8.936623162515209e-07,1077
THE,q25,IX,-0.05640371569698743,0.09970629300749305,0.5715986507509307,1077
THE,q25,GDP,1.156109503649617,0.17619512875628146,5.3258699692459015e-11,1077
THE,q25,POP,3.18420574200249,0.11119801482365738,2.432754955995545e-180,1077
THE,q25,URB,-1.1542770924343415,0.18235953976053768,2.456739879109736e-10,1077
THE,q50,INFRA,0.29972107443580853,0.12684946948096745,0.018137012000609652,1077
THE,q50,HCR,-0.2418741260626618,0.10143144433502743,0.017097377977472808,1077
THE,q50,IX,0.05760699017806914,0.05289366708313185,0.27610564384622027,1077
THE,q50,GDP,0.8387798760376768,0.11884155684282141,1.6895525149070508e-12,1077
THE,q50,POP,1.9898248839706554,0.06902121601962696,9.243837061072356e-183,1077
THE,q50,URB,-0.2163243954834435,0.08528661895153486,0.011198591707263042,1077
THE,q75,INFRA,-0.13828404793083848,0.08428334127408717,0.10085879346007716,1077
THE,q75,HCR,-0.04944371412229742,0.06711623649970198,0.46131221394216415,1077
THE,q75,IX,0.08168059692195939,0.03483702128687655,0.01904498481260464,1077
THE,q75,GDP,0.5850245923106441,0.09653813106762474,1.360907120474257e-09,1077
THE,q75,POP,1.728118896902597,0.04856459597444264,2.483751721924087e-277,1077
THE,q75,URB,-0.047849842292691847,0.04882577958972289,0.3270802722435582,1077
AL,full,INFRA,1.232403721801018,0.22820695376605074,6.812665639374956e-06,971
AL,full,HCR,0.6620336771918001,0.3403904457996683,0.06090362489992574,971
AL,full,IX,-0.23466431393977194,0.20149369370554984,0.25305580775936215,971
AL,full,GDP,0.45308384394918116,0.49491434132595363,0.36700685376311737,971
AL,full,POP,20.929235312022975,1.3926037918630174,8.801163187284947e-16,971
AL,full,URB,0.7154125328099084,0.4932737031778162,0.15700844429997607,971
AL,full,ENERGY,0.8848368745566374,0.17133994550537904,1.3412302273816859e-05,971
AL,full,TRADE,0.6475843050346087,0.15199496988675193,0.00017619258589288318,971
AL,broad,INFRA,0.6223641825055708,0.12715938598453172,2.517398604709037e-05,1407
AL,broad,HCR,0.21090630061165228,0.22772250756433732,0.3610896092350123,1407
AL,broad,IX,-0.0725213022001108,0.14568117642596481,0.6219204040277748,1407
AL,broad,GDP,1.9555767909987234,0.5389459299918546,0.0009525921101492301,1407
AL,broad,POP,17.279958740167356,1.372090109844405,3.7463995409532645e-14,1407
AL,broad,URB,1.16562303786409,0.6369869428814263,0.0763110069026546,1407
AL,weighted,INFRA,1.1936546874019829,0.20483691686117658,2.007207210987945e-06,971
AL,weighted,HCR,0.6438695298800222,0.33034162441485193,0.060381571273735876,971
AL,weighted,IX,-0.14571348939332107,0.19291594336168866,0.4557572057687298,971
AL,weighted,GDP,0.4664634258081461,0.5325759637520123,0.3878411198847319,971
AL,weighted,POP,19.469634164610753,1.4592364233618136,2.1807589504695908e-14,971
AL,weighted,URB,0.35839367289365953,0.5433158500421147,0.5143550819838871,971
AL,weighted,ENERGY,0.7324721627781465,0.174663535430907,0.00021267815309489855,971
AL,weighted,TRADE,0.6067123135286062,0.12594874019044716,3.625325212167496e-05,971
AL,q25,INFRA,5.002144715698336,0.3231534129905923,4.796646368195714e-54,1407
AL,q25,HCR,-0.48909145939605025,0.3441488747904825,0.15526953711607974,1407
AL,q25,IX,-0.8853242836720057,0.15518740502092374,1.1643054040435572e-08,1407
AL,q25,GDP,-2.2761734994548277,0.37003017652894205,7.684139079813761e-10,1407
AL,q25,POP,1.9526029070760735,0.17652670254520642,1.9342111025190667e-28,1407
AL,q25,URB,-1.7036085806248025,0.24165722226731348,1.7931641785065725e-12,1407
AL,q50,INFRA,7.333784187347675,0.4361003069637398,1.84018689284947e-63,1407
AL,q50,HCR,-1.808200551090227,0.3432968471009821,1.3854796113404894e-07,1407
AL,q50,IX,-1.056959349105609,0.18979219719520818,2.561543411431457e-08,1407
AL,q50,GDP,-3.785462174138985,0.40606549713729617,1.1385102739282284e-20,1407
AL,q50,POP,1.711252874052997,0.2378942238110481,6.322749755480416e-13,1407
AL,q50,URB,-2.141552456159875,0.29637508057613987,4.980936601449923e-13,1407
AL,q75,INFRA,10.975507166539842,1.260098319344581,3.0376673101907367e-18,1407
AL,q75,HCR,-0.7944830135639904,0.7367759237976828,0.28088927965070154,1407
AL,q75,IX,-1.3227726146240784,0.47144825446206257,0.005019741776366613,1407
AL,q75,GDP,-3.5089551950685234,1.0172351201317682,0.0005616203156819444,1407
AL,q75,POP,0.46080599152034196,0.641805753551477,0.4727674122961478,1407
AL,q75,URB,-8.068045070135227,0.7784497146810888,3.605875054061303e-25,1407
TNRR,full,INFRA,0.09354600194718868,0.05527516649759875,0.10060466879084477,1015
TNRR,full,HCR,0.16512770165657384,0.06035259197499859,0.010196834006404754,1015
TNRR,full,IX,-0.040210330417432785,0.023233703164070817,0.09345152325421996,1015
TNRR,full,GDP,-0.10670819542863942,0.06973676098165396,0.1361195091335192,1015
TNRR,full,POP,-0.028222595581733814,0.297429498796331,0.9250142150679775,1015
TNRR,full,URB,-0.4424635461923433,0.08715917458141532,1.724865090495712e-05,1015
TNRR,full,ENERGY,0.007506377619145705,0.03512778251777074,0.8321897876088868,1015
TNRR,full,TRADE,0.21235596490606862,0.044018697290947796,3.552614363551138e-05,1015
TNRR,broad,INFRA,0.0857331681392364,0.04186896764631191,0.049147087350253804,1403
TNRR,broad,HCR,0.08795751789008763,0.03791046929095466,0.027087165094444313,1403
TNRR,broad,IX,-0.049765291741958984,0.02093001833122916,0.023771479992184038,1403
TNRR,broad,GDP,-0.23766425103671204,0.05271569022613791,8.740721625437291e-05,1403
TNRR,broad,POP,-0.15458392543498137,0.2401542280872005,0.5245129112797473,1403
TNRR,broad,URB,-0.4058963498138642,0.04696981739582646,9.27232835021907e-10,1403
TNRR,weighted,INFRA,0.07863148345692898,0.05055318983371003,0.1299971763175678,1015
TNRR,weighted,HCR,0.11332764064912641,0.05419194036397929,0.0447962741541617,1015
TNRR,weighted,IX,-0.02790079582971339,0.023501288187170087,0.2441655570294321,1015
TNRR,weighted,GDP,-0.0791439280997044,0.08112650540342825,0.3368333963180469,1015
TNRR,weighted,POP,-0.04676953468148323,0.309495951779785,0.8808639506578302,1015
TNRR,weighted,URB,-0.4247707657555187,0.08046966266828896,9.65943118863475e-06,1015
TNRR,weighted,ENERGY,0.004573426830529841,0.0352371792459435,0.8975712405829444,1015
TNRR,weighted,TRADE,0.16763874985380245,0.04284011632176061,0.00046480258517366007,1015
TNRR,q25,INFRA,-0.5298631094724158,0.03528169418952223,5.590833936849991e-51,1403
TNRR,q25,HCR,0.2534199057522706,0.031090861290548957,3.6109081377020664e-16,1403
TNRR,q25,IX,0.08574639512986337,0.01648923995402303,1.991359459749825e-07,1403
TNRR,q25,GDP,-0.3989397810658666,0.03155794084740622,1.246493401755625e-36,1403
TNRR,q25,POP,0.24190555434333305,0.021359955184864034,9.846495663291681e-30,1403
TNRR,q25,URB,0.3613432589273202,0.025868517906564005,2.428335277441732e-44,1403
TNRR,q50,INFRA,-0.7723171361094447,0.04428459205269771,4.1107147898009775e-68,1403
TNRR,q50,HCR,0.1906551792233403,0.03575948315961235,9.735240510502691e-08,1403
TNRR,q50,IX,0.06432095512201985,0.019106690210906756,0.0007615339699445086,1403
TNRR,q50,GDP,-0.06370600845238528,0.04184798278703279,0.12792899515931838,1403
TNRR,q50,POP,0.18698365954117754,0.025115089458879674,9.689126160261293e-14,1403
TNRR,q50,URB,0.43700726822823466,0.03170460712961903,3.194033734811374e-43,1403
TNRR,q75,INFRA,-0.7191102953858035,0.05002562198799323,7.444225350588175e-47,1403
TNRR,q75,HCR,-0.009459671434669303,0.039801347993758895,0.8121353959050075,1403
TNRR,q75,IX,0.03354097439416037,0.01945186703363734,0.08465258557721546,1403
TNRR,q75,GDP,0.0958264925549841,0.054063931560884106,0.07631719745476426,1403
TNRR,q75,POP,0.1455298755179797,0.025538061597372617,1.2083195716669227e-08,1403
TNRR,q75,URB,0.4664054164527096,0.03599623728761007,2.1430403103141427e-38,1403
